,State,Constituency,Party
0,Andaman & Nicobar Islands,Andaman & Nicobar Islands,Bharatiya Janata Party
1,Andhra Pradesh,Amalapuram (SC),Telugu Desam
2,Andhra Pradesh,Anakapalle,Bharatiya Janata Party
3,Andhra Pradesh,Ananthapur,Telugu Desam
4,Andhra Pradesh,Araku (ST),Yuvajana Sramika Rythu Congress Party
5,Andhra Pradesh,Bapatla (SC),Telugu Desam
6,Andhra Pradesh,Chittoor(SC),Telugu Desam
7,Andhra Pradesh,Eluru,Telugu Desam
8,Andhra Pradesh,Guntur,Telugu Desam
9,Andhra Pradesh,Hindupur,Telugu Desam
10,Andhra Pradesh,Kadapa,Yuvajana Sramika Rythu Congress Party
11,Andhra Pradesh,Kakinada,Janasena Party
12,Andhra Pradesh,Kurnoolu,Telugu Desam
13,Andhra Pradesh,Machilipatnam,Janasena Party
14,Andhra Pradesh,Nandyal,Telugu Desam
15,Andhra Pradesh,Narsapuram,Bharatiya Janata Party
16,Andhra Pradesh,Narsaraopet,Telugu Desam
17,Andhra Pradesh,Nellore,Telugu Desam
18,Andhra Pradesh,Ongole,Telugu Desam
19,Andhra Pradesh,Rajahmundry,Bharatiya Janata Party
20,Andhra Pradesh,Rajampet,Yuvajana Sramika Rythu Congress Party
21,Andhra Pradesh,Srikakulam,Telugu Desam
22,Andhra Pradesh,Thirupathi(SC),Yuvajana Sramika Rythu Congress Party
23,Andhra Pradesh,Vijayawada,Telugu Desam
24,Andhra Pradesh,Visakhapatnam,Telugu Desam
25,Andhra Pradesh,Vizianagaram,Telugu Desam
26,Arunachal Pradesh,Arunachal East,Bharatiya Janata Party
27,Arunachal Pradesh,Arunachal West,Bharatiya Janata Party
28,Assam,Barpeta,Asom Gana Parishad
29,Assam,Darrang-Udalguri,Bharatiya Janata Party
30,Assam,Dhubri,Indian National Congress
31,Assam,Dibrugarh,Bharatiya Janata Party
32,Assam,Diphu,Bharatiya Janata Party
33,Assam,Guwahati,Bharatiya Janata Party
34,Assam,Jorhat,Indian National Congress
35,Assam,Karimganj,Bharatiya Janata Party
36,Assam,Kaziranga,Bharatiya Janata Party
37,Assam,Kokrajhar,"United People’s Party, Liberal"
38,Assam,Lakhimpur,Bharatiya Janata Party
39,Assam,Nagaon,Indian National Congress
40,Assam,Silchar,Bharatiya Janata Party
41,Assam,Sonitpur,Bharatiya Janata Party
42,Bihar,Araria,Bharatiya Janata Party
43,Bihar,Arrah,Communist Party of India  (Marxist-Leninist)  (Liberation)
44,Bihar,Aurangabad,Rashtriya Janata Dal
45,Bihar,Banka,Janata Dal  (United)
46,Bihar,Begusarai,Bharatiya Janata Party
47,Bihar,Bhagalpur,Janata Dal  (United)
48,Bihar,Buxar,Rashtriya Janata Dal
49,Bihar,Darbhanga,Bharatiya Janata Party
50,Bihar,Gaya,Hindustani Awam Morcha (Secular)
51,Bihar,Gopalganj,Janata Dal  (United)
52,Bihar,Hajipur,Lok Janshakti Party(Ram Vilas)
53,Bihar,Jahanabad,Rashtriya Janata Dal
54,Bihar,Jamui,Lok Janshakti Party(Ram Vilas)
55,Bihar,Jhanjharpur,Janata Dal  (United)
56,Bihar,Karakat,Communist Party of India  (Marxist-Leninist)  (Liberation)
57,Bihar,Katihar,Indian National Congress
58,Bihar,Khagaria,Lok Janshakti Party(Ram Vilas)
59,Bihar,Kishanganj,Indian National Congress
60,Bihar,Madhepura,Janata Dal  (United)
61,Bihar,Madhubani,Bharatiya Janata Party
62,Bihar,Maharajganj,Bharatiya Janata Party
63,Bihar,Munger,Janata Dal  (United)
64,Bihar,Muzaffarpur,Bharatiya Janata Party
65,Bihar,Nalanda,Janata Dal  (United)
66,Bihar,Nawada,Bharatiya Janata Party
67,Bihar,Paschim Champaran,Bharatiya Janata Party
68,Bihar,Patliputra,Rashtriya Janata Dal
69,Bihar,Patna Sahib,Bharatiya Janata Party
70,Bihar,Purnia,Independent
71,Bihar,Purvi Champaran,Bharatiya Janata Party
72,Bihar,Samastipur,Lok Janshakti Party(Ram Vilas)
73,Bihar,Saran,Bharatiya Janata Party
74,Bihar,Sasaram,Indian National Congress
75,Bihar,Sheohar,Janata Dal  (United)
76,Bihar,Sitamarhi,Janata Dal  (United)
77,Bihar,Siwan,Janata Dal  (United)
78,Bihar,Supaul,Janata Dal  (United)
79,Bihar,Ujiarpur,Bharatiya Janata Party
80,Bihar,Vaishali,Lok Janshakti Party(Ram Vilas)
81,Bihar,Valmiki Nagar,Janata Dal  (United)
82,Chandigarh,Chandigarh,Indian National Congress
83,Chhattisgarh,BASTAR,Bharatiya Janata Party
84,Chhattisgarh,BILASPUR,Bharatiya Janata Party
85,Chhattisgarh,DURG,Bharatiya Janata Party
86,Chhattisgarh,JANJGIR-CHAMPA,Bharatiya Janata Party
87,Chhattisgarh,KANKER,Bharatiya Janata Party
88,Chhattisgarh,KORBA,Indian National Congress
89,Chhattisgarh,MAHASAMUND,Bharatiya Janata Party
90,Chhattisgarh,RAIGARH,Bharatiya Janata Party
91,Chhattisgarh,RAIPUR,Bharatiya Janata Party
92,Chhattisgarh,RAJNANDGAON,Bharatiya Janata Party
93,Chhattisgarh,SURGUJA,Bharatiya Janata Party
94,Dadra & Nagar Haveli and Daman & Diu,Dadar & Nagar Haveli,Bharatiya Janata Party
95,Dadra & Nagar Haveli and Daman & Diu,Daman & Diu,Independent
96,Goa,North Goa,Bharatiya Janata Party
97,Goa,South Goa,Indian National Congress
98,Gujarat,Ahmedabad East,Bharatiya Janata Party
99,Gujarat,Ahmedabad West,Bharatiya Janata Party
100,Gujarat,Amreli,Bharatiya Janata Party
101,Gujarat,Anand,Bharatiya Janata Party
102,Gujarat,Banaskantha,Indian National Congress
103,Gujarat,Bardoli,Bharatiya Janata Party
104,Gujarat,Bharuch,Bharatiya Janata Party
105,Gujarat,Bhavnagar,Bharatiya Janata Party
106,Gujarat,Chhota Udaipur,Bharatiya Janata Party
107,Gujarat,Dahod,Bharatiya Janata Party
108,Gujarat,Gandhinagar,Bharatiya Janata Party
109,Gujarat,Jamnagar,Bharatiya Janata Party
110,Gujarat,Junagadh,Bharatiya Janata Party
111,Gujarat,Kachchh,Bharatiya Janata Party
112,Gujarat,Kheda,Bharatiya Janata Party
113,Gujarat,Mahesana,Bharatiya Janata Party
114,Gujarat,Navsari,Bharatiya Janata Party
115,Gujarat,Panchmahal,Bharatiya Janata Party
116,Gujarat,Patan,Bharatiya Janata Party
117,Gujarat,Porbandar,Bharatiya Janata Party
118,Gujarat,Rajkot,Bharatiya Janata Party
119,Gujarat,Sabarkantha,Bharatiya Janata Party
120,Gujarat,Surat,Bharatiya Janata Party
121,Gujarat,Surendranagar,Bharatiya Janata Party
122,Gujarat,Vadodara,Bharatiya Janata Party
123,Gujarat,Valsad,Bharatiya Janata Party
124,Haryana,AMBALA,Indian National Congress
125,Haryana,BHIWANI-MAHENDRAGARH,Bharatiya Janata Party
126,Haryana,FARIDABAD,Bharatiya Janata Party
127,Haryana,GURGAON,Bharatiya Janata Party
128,Haryana,HISAR,Indian National Congress
129,Haryana,KARNAL,Bharatiya Janata Party
130,Haryana,KURUKSHETRA,Bharatiya Janata Party
131,Haryana,ROHTAK,Indian National Congress
132,Haryana,SIRSA,Indian National Congress
133,Haryana,SONIPAT,Indian National Congress
134,Himachal Pradesh,HAMIRPUR,Bharatiya Janata Party
135,Himachal Pradesh,KANGRA,Bharatiya Janata Party
136,Himachal Pradesh,MANDI,Bharatiya Janata Party
137,Himachal Pradesh,SHIMLA,Bharatiya Janata Party
138,Jammu and Kashmir,ANANTNAG-RAJOURI,Jammu & Kashmir National Conference
139,Jammu and Kashmir,BARAMULLA,Independent
140,Jammu and Kashmir,JAMMU,Bharatiya Janata Party
141,Jammu and Kashmir,SRINAGAR,Jammu & Kashmir National Conference
142,Jammu and Kashmir,UDHAMPUR,Bharatiya Janata Party
143,Jharkhand,Chatra,Bharatiya Janata Party
144,Jharkhand,Dhanbad,Bharatiya Janata Party
145,Jharkhand,Dumka,Jharkhand Mukti Morcha
146,Jharkhand,Giridih,AJSU Party
147,Jharkhand,Godda,Bharatiya Janata Party
148,Jharkhand,Hazaribagh,Bharatiya Janata Party
149,Jharkhand,Jamshedpur,Bharatiya Janata Party
150,Jharkhand,Khunti,Indian National Congress
151,Jharkhand,Kodarma,Bharatiya Janata Party
152,Jharkhand,Lohardaga,Indian National Congress
153,Jharkhand,Palamau,Bharatiya Janata Party
154,Jharkhand,Rajmahal,Jharkhand Mukti Morcha
155,Jharkhand,Ranchi,Bharatiya Janata Party
156,Jharkhand,Singhbhum,Jharkhand Mukti Morcha
157,Karnataka,Bagalkot,Bharatiya Janata Party
158,Karnataka,Bangalore central,Bharatiya Janata Party
159,Karnataka,Bangalore North,Bharatiya Janata Party
160,Karnataka,Bangalore Rural,Bharatiya Janata Party
161,Karnataka,Bangalore South,Bharatiya Janata Party
162,Karnataka,Belgaum,Bharatiya Janata Party
163,Karnataka,Bellary,Indian National Congress
164,Karnataka,Bidar,Indian National Congress
165,Karnataka,Bijapur,Bharatiya Janata Party
166,Karnataka,Chamarajanagar,Indian National Congress
167,Karnataka,Chikkballapur,Bharatiya Janata Party
168,Karnataka,Chikkodi,Indian National Congress
169,Karnataka,Chitradurga,Bharatiya Janata Party
170,Karnataka,Dakshina Kannada,Bharatiya Janata Party
171,Karnataka,Davanagere,Indian National Congress
172,Karnataka,Dharwad,Bharatiya Janata Party
173,Karnataka,Gulbarga,Indian National Congress
174,Karnataka,Hassan,Indian National Congress
175,Karnataka,Haveri,Bharatiya Janata Party
176,Karnataka,Kolar,Janata Dal  (Secular)
177,Karnataka,Koppal,Indian National Congress
178,Karnataka,Mandya,Janata Dal  (Secular)
179,Karnataka,Mysore,Bharatiya Janata Party
180,Karnataka,Raichur,Indian National Congress
181,Karnataka,Shimoga,Bharatiya Janata Party
182,Karnataka,Tumkur,Bharatiya Janata Party
183,Karnataka,Udupi Chikmagalur,Bharatiya Janata Party
184,Karnataka,Uttara Kannada,Bharatiya Janata Party
185,Kerala,Alappuzha,Indian National Congress
186,Kerala,Alathur,Communist Party of India  (Marxist)
187,Kerala,Attingal,Indian National Congress
188,Kerala,Chalakudy,Indian National Congress
189,Kerala,Ernakulam,Indian National Congress
190,Kerala,Idukki,Indian National Congress
191,Kerala,Kannur,Indian National Congress
192,Kerala,Kasaragod,Indian National Congress
193,Kerala,Kollam,Revolutionary Socialist Party
194,Kerala,Kottayam,Kerala Congress
195,Kerala,Kozhikode,Indian National Congress
196,Kerala,Malappuram,Indian Union Muslim League
197,Kerala,Mavelikkara,Indian National Congress
198,Kerala,Palakkad,Indian National Congress
199,Kerala,Pathanamthitta,Indian National Congress
200,Kerala,Ponnani,Indian Union Muslim League
201,Kerala,Thiruvananthapuram,Indian National Congress
202,Kerala,Thrissur,Bharatiya Janata Party
203,Kerala,Vadakara,Indian National Congress
204,Kerala,Wayanad,Indian National Congress
205,Ladakh,Ladakh,Independent
206,Lakshadweep,Lakshadweep,Indian National Congress
207,Madhya Pradesh,BALAGHAT,Bharatiya Janata Party
208,Madhya Pradesh,BETUL,Bharatiya Janata Party
209,Madhya Pradesh,BHIND,Bharatiya Janata Party
210,Madhya Pradesh,BHOPAL,Bharatiya Janata Party
211,Madhya Pradesh,CHHINDWARA,Bharatiya Janata Party
212,Madhya Pradesh,DAMOH,Bharatiya Janata Party
213,Madhya Pradesh,DEWAS,Bharatiya Janata Party
214,Madhya Pradesh,DHAR,Bharatiya Janata Party
215,Madhya Pradesh,GUNA,Bharatiya Janata Party
216,Madhya Pradesh,GWALIOR,Bharatiya Janata Party
217,Madhya Pradesh,HOSHANGABAD,Bharatiya Janata Party
218,Madhya Pradesh,INDORE,Bharatiya Janata Party
219,Madhya Pradesh,JABALPUR,Bharatiya Janata Party
220,Madhya Pradesh,KHAJURAHO,Bharatiya Janata Party
221,Madhya Pradesh,KHANDWA,Bharatiya Janata Party
222,Madhya Pradesh,KHARGONE,Bharatiya Janata Party
223,Madhya Pradesh,MANDLA,Bharatiya Janata Party
224,Madhya Pradesh,MANDSOUR,Bharatiya Janata Party
225,Madhya Pradesh,MORENA,Bharatiya Janata Party
226,Madhya Pradesh,RAJGARH,Bharatiya Janata Party
227,Madhya Pradesh,RATLAM,Bharatiya Janata Party
228,Madhya Pradesh,REWA,Bharatiya Janata Party
229,Madhya Pradesh,SAGAR,Bharatiya Janata Party
230,Madhya Pradesh,SATNA,Bharatiya Janata Party
231,Madhya Pradesh,SHAHDOL,Bharatiya Janata Party
232,Madhya Pradesh,SIDHI,Bharatiya Janata Party
233,Madhya Pradesh,TIKAMGARH,Bharatiya Janata Party
234,Madhya Pradesh,UJJAIN,Bharatiya Janata Party
235,Madhya Pradesh,VIDISHA,Bharatiya Janata Party
236,Maharashtra,Ahmednagar,Nationalist Congress Party – Sharadchandra Pawar
237,Maharashtra,Akola,Bharatiya Janata Party
238,Maharashtra,Amravati,Indian National Congress
239,Maharashtra,Aurangabad,Shiv Sena
240,Maharashtra,Baramati,Nationalist Congress Party – Sharadchandra Pawar
241,Maharashtra,Beed,Nationalist Congress Party – Sharadchandra Pawar
242,Maharashtra,Bhandara Gondiya,Indian National Congress
243,Maharashtra,Bhiwandi,Nationalist Congress Party – Sharadchandra Pawar
244,Maharashtra,Buldhana,Shiv Sena
245,Maharashtra,Chandrapur,Indian National Congress
246,Maharashtra,Dhule,Indian National Congress
247,Maharashtra,Dindori,Nationalist Congress Party – Sharadchandra Pawar
248,Maharashtra,Gadchiroli - Chimur,Indian National Congress
249,Maharashtra,Hatkanangale,Shiv Sena
250,Maharashtra,Hingoli,Shiv Sena (Uddhav Balasaheb Thackrey)
251,Maharashtra,Jalgaon,Bharatiya Janata Party
252,Maharashtra,Jalna,Indian National Congress
253,Maharashtra,Kalyan,Shiv Sena
254,Maharashtra,Kolhapur,Indian National Congress
255,Maharashtra,Latur,Indian National Congress
256,Maharashtra,Madha,Nationalist Congress Party – Sharadchandra Pawar
257,Maharashtra,Maval,Shiv Sena
258,Maharashtra,Mumbai North,Bharatiya Janata Party
259,Maharashtra,Mumbai North Central,Indian National Congress
260,Maharashtra,Mumbai North East,Shiv Sena (Uddhav Balasaheb Thackrey)
261,Maharashtra,Mumbai North West,Shiv Sena
262,Maharashtra,Mumbai South,Shiv Sena (Uddhav Balasaheb Thackrey)
263,Maharashtra,Mumbai South Central,Shiv Sena (Uddhav Balasaheb Thackrey)
264,Maharashtra,Nagpur,Bharatiya Janata Party
265,Maharashtra,Nanded,Indian National Congress
266,Maharashtra,Nandurbar,Indian National Congress
267,Maharashtra,Nashik,Shiv Sena (Uddhav Balasaheb Thackrey)
268,Maharashtra,Osmanabad,Shiv Sena (Uddhav Balasaheb Thackrey)
269,Maharashtra,Palghar,Bharatiya Janata Party
270,Maharashtra,Parbhani,Shiv Sena (Uddhav Balasaheb Thackrey)
271,Maharashtra,Pune,Bharatiya Janata Party
272,Maharashtra,Raigad,Nationalist Congress Party
273,Maharashtra,Ramtek,Indian National Congress
274,Maharashtra,Ratnagiri- Sindhudurg,Bharatiya Janata Party
275,Maharashtra,Raver,Bharatiya Janata Party
276,Maharashtra,Sangli,Independent
277,Maharashtra,Satara,Bharatiya Janata Party
278,Maharashtra,Shirdi,Shiv Sena (Uddhav Balasaheb Thackrey)
279,Maharashtra,Shirur,Nationalist Congress Party – Sharadchandra Pawar
280,Maharashtra,Solapur,Indian National Congress
281,Maharashtra,Thane,Shiv Sena
282,Maharashtra,Wardha,Nationalist Congress Party – Sharadchandra Pawar
283,Maharashtra,Yavatmal- Washim,Shiv Sena (Uddhav Balasaheb Thackrey)
284,Manipur,Inner Manipur,Indian National Congress
285,Manipur,Outer Manipur,Indian National Congress
286,Meghalaya,Shillong,Voice of the People Party
287,Meghalaya,Tura,Indian National Congress
288,Mizoram,MIZORAM,Zoram People’s Movement
289,Nagaland,Nagaland,Indian National Congress
290,NCT OF Delhi,Chandni Chowk,Bharatiya Janata Party
291,NCT OF Delhi,East Delhi,Bharatiya Janata Party
292,NCT OF Delhi,New Delhi,Bharatiya Janata Party
293,NCT OF Delhi,North-East Delhi,Bharatiya Janata Party
294,NCT OF Delhi,North-West Delhi,Bharatiya Janata Party
295,NCT OF Delhi,South Delhi,Bharatiya Janata Party
296,NCT OF Delhi,West Delhi,Bharatiya Janata Party
297,Odisha,Aska,Bharatiya Janata Party
298,Odisha,Balasore,Bharatiya Janata Party
299,Odisha,Bargarh,Bharatiya Janata Party
300,Odisha,Berhampur,Bharatiya Janata Party
301,Odisha,Bhadrak,Bharatiya Janata Party
302,Odisha,Bhubaneswar,Bharatiya Janata Party
303,Odisha,Bolangir,Bharatiya Janata Party
304,Odisha,Cuttack,Bharatiya Janata Party
305,Odisha,Dhenkanal,Bharatiya Janata Party
306,Odisha,Jagatsinghpur,Bharatiya Janata Party
307,Odisha,Jajpur,Bharatiya Janata Party
308,Odisha,Kalahandi,Bharatiya Janata Party
309,Odisha,Kandhamal,Bharatiya Janata Party
310,Odisha,Kendrapara,Bharatiya Janata Party
311,Odisha,Keonjhar,Bharatiya Janata Party
312,Odisha,Koraput,Indian National Congress
313,Odisha,Mayurbhanj,Bharatiya Janata Party
314,Odisha,Nabarangpur,Bharatiya Janata Party
315,Odisha,Puri,Bharatiya Janata Party
316,Odisha,Sambalpur,Bharatiya Janata Party
317,Odisha,Sundargarh,Bharatiya Janata Party
318,Puducherry,PUDUCHERRY,Indian National Congress
319,Punjab,Amritsar,Indian National Congress
320,Punjab,Anandpur Sahib,Aam Aadmi Party
321,Punjab,Bathinda,Shiromani Akali Dal
322,Punjab,Faridkot,Independent
323,Punjab,Fatehgarh Sahib,Indian National Congress
324,Punjab,Firozpur,Indian National Congress
325,Punjab,Gurdaspur,Indian National Congress
326,Punjab,Hoshiarpur,Aam Aadmi Party
327,Punjab,Jalandhar,Indian National Congress
328,Punjab,Khadoor Sahib,Independent
329,Punjab,Ludhiana,Indian National Congress
330,Punjab,Patiala,Indian National Congress
331,Punjab,Sangrur,Aam Aadmi Party
332,Rajasthan,AJMER,Bharatiya Janata Party
333,Rajasthan,ALWAR,Bharatiya Janata Party
334,Rajasthan,BANSWARA,Bharat Adivasi Party
335,Rajasthan,BARMER,Indian National Congress
336,Rajasthan,BHARATPUR,Indian National Congress
337,Rajasthan,BHILWARA,Bharatiya Janata Party
338,Rajasthan,BIKANER,Bharatiya Janata Party
339,Rajasthan,CHITTORGARH,Bharatiya Janata Party
340,Rajasthan,CHURU,Indian National Congress
341,Rajasthan,DAUSA,Indian National Congress
342,Rajasthan,GANGANAGAR,Indian National Congress
343,Rajasthan,JAIPUR,Bharatiya Janata Party
344,Rajasthan,JAIPUR RURAL,Bharatiya Janata Party
345,Rajasthan,JALORE,Bharatiya Janata Party
346,Rajasthan,JHALAWAR-BARAN,Bharatiya Janata Party
347,Rajasthan,JHUNJHUNU,Indian National Congress
348,Rajasthan,JODHPUR,Bharatiya Janata Party
349,Rajasthan,KARAULI-DHOLPUR,Indian National Congress
350,Rajasthan,KOTA,Bharatiya Janata Party
351,Rajasthan,NAGAUR,Rashtriya Loktantrik Party
352,Rajasthan,PALI,Bharatiya Janata Party
353,Rajasthan,RAJSAMAND,Bharatiya Janata Party
354,Rajasthan,SIKAR,Communist Party of India  (Marxist)
355,Rajasthan,TONK-SAWAI MADHOPUR,Indian National Congress
356,Rajasthan,UDAIPUR,Bharatiya Janata Party
357,Sikkim,Sikkim,Sikkim Krantikari Morcha
358,Tamil Nadu,ARAKKONAM,Dravida Munnetra Kazhagam
359,Tamil Nadu,ARANI,Dravida Munnetra Kazhagam
360,Tamil Nadu,CHENNAI CENTRAL,Dravida Munnetra Kazhagam
361,Tamil Nadu,CHENNAI NORTH,Dravida Munnetra Kazhagam
362,Tamil Nadu,CHENNAI SOUTH,Dravida Munnetra Kazhagam
363,Tamil Nadu,CHIDAMBARAM,Viduthalai Chiruthaigal Katchi
364,Tamil Nadu,COIMBATORE,Dravida Munnetra Kazhagam
365,Tamil Nadu,CUDDALORE,Indian National Congress
366,Tamil Nadu,DHARMAPURI,Dravida Munnetra Kazhagam
367,Tamil Nadu,DINDIGUL,Communist Party of India  (Marxist)
368,Tamil Nadu,ERODE,Dravida Munnetra Kazhagam
369,Tamil Nadu,KALLAKURICHI,Dravida Munnetra Kazhagam
370,Tamil Nadu,KANCHEEPURAM,Dravida Munnetra Kazhagam
371,Tamil Nadu,KANNIYAKUMARI,Indian National Congress
372,Tamil Nadu,KARUR,Indian National Congress
373,Tamil Nadu,KRISHNAGIRI,Indian National Congress
374,Tamil Nadu,MADURAI,Communist Party of India  (Marxist)
375,Tamil Nadu,MAYILADUTHURAI,Indian National Congress
376,Tamil Nadu,NAGAPATTINAM,Communist Party of India
377,Tamil Nadu,NAMAKKAL,Dravida Munnetra Kazhagam
378,Tamil Nadu,NILGIRIS,Dravida Munnetra Kazhagam
379,Tamil Nadu,PERAMBALUR,Dravida Munnetra Kazhagam
380,Tamil Nadu,POLLACHI,Dravida Munnetra Kazhagam
381,Tamil Nadu,RAMANATHAPURAM,Indian Union Muslim League
382,Tamil Nadu,SALEM,Dravida Munnetra Kazhagam
383,Tamil Nadu,SIVAGANGA,Indian National Congress
384,Tamil Nadu,SRIPERUMBUDUR,Dravida Munnetra Kazhagam
385,Tamil Nadu,TENKASI,Dravida Munnetra Kazhagam
386,Tamil Nadu,THANJAVUR,Dravida Munnetra Kazhagam
387,Tamil Nadu,THENI,Dravida Munnetra Kazhagam
388,Tamil Nadu,THOOTHUKKUDI,Dravida Munnetra Kazhagam
389,Tamil Nadu,TIRUCHIRAPPALLI,Marumalarchi Dravida Munnetra Kazhagam
390,Tamil Nadu,TIRUNELVELI,Indian National Congress
391,Tamil Nadu,TIRUPPUR,Communist Party of India
392,Tamil Nadu,TIRUVALLUR,Indian National Congress
393,Tamil Nadu,TIRUVANNAMALAI,Dravida Munnetra Kazhagam
394,Tamil Nadu,VELLORE,Dravida Munnetra Kazhagam
395,Tamil Nadu,VILUPPURAM,Viduthalai Chiruthaigal Katchi
396,Tamil Nadu,VIRUDHUNAGAR,Indian National Congress
397,Telangana,Adilabad,Bharatiya Janata Party
398,Telangana,Bhongir,Indian National Congress
399,Telangana,Chevella,Bharatiya Janata Party
400,Telangana,Hyderabad,All India Majlis-E-Ittehadul Muslimeen
401,Telangana,Karimnagar,Bharatiya Janata Party
402,Telangana,Khammam,Indian National Congress
403,Telangana,Mahabubabad,Indian National Congress
404,Telangana,Mahbubnagar,Bharatiya Janata Party
405,Telangana,Malkajgiri,Bharatiya Janata Party
406,Telangana,Medak,Bharatiya Janata Party
407,Telangana,Nagarkurnool,Indian National Congress
408,Telangana,Nalgonda,Indian National Congress
409,Telangana,Nizamabad,Bharatiya Janata Party
410,Telangana,Peddapalle,Indian National Congress
411,Telangana,Secunderabad,Bharatiya Janata Party
412,Telangana,Warangal,Indian National Congress
413,Telangana,Zahirabad,Indian National Congress
414,Tripura,Tripura East,Bharatiya Janata Party
415,Tripura,Tripura West,Bharatiya Janata Party
416,Uttar Pradesh,Agra,Bharatiya Janata Party
417,Uttar Pradesh,Akbarpur,Bharatiya Janata Party
418,Uttar Pradesh,Aligarh,Bharatiya Janata Party
419,Uttar Pradesh,Allahabad,Indian National Congress
420,Uttar Pradesh,Ambedkar Nagar,Samajwadi Party
421,Uttar Pradesh,Amethi,Indian National Congress
422,Uttar Pradesh,Amroha,Bharatiya Janata Party
423,Uttar Pradesh,Aonla,Samajwadi Party
424,Uttar Pradesh,Azamgarh,Samajwadi Party
425,Uttar Pradesh,Badaun,Samajwadi Party
426,Uttar Pradesh,Baghpat,Rashtriya Lok Dal
427,Uttar Pradesh,Baharaich,Bharatiya Janata Party
428,Uttar Pradesh,Ballia,Samajwadi Party
429,Uttar Pradesh,Banda,Samajwadi Party
430,Uttar Pradesh,Bansgaon,Bharatiya Janata Party
431,Uttar Pradesh,Barabanki,Indian National Congress
432,Uttar Pradesh,Bareilly,Bharatiya Janata Party
433,Uttar Pradesh,Basti,Samajwadi Party
434,Uttar Pradesh,Bhadohi,Bharatiya Janata Party
435,Uttar Pradesh,Bijnor,Rashtriya Lok Dal
436,Uttar Pradesh,Bulandshahr,Bharatiya Janata Party
437,Uttar Pradesh,Chandauli,Samajwadi Party
438,Uttar Pradesh,Deoria,Bharatiya Janata Party
439,Uttar Pradesh,Dhaurahra,Samajwadi Party
440,Uttar Pradesh,Domariyaganj,Bharatiya Janata Party
441,Uttar Pradesh,Etah,Samajwadi Party
442,Uttar Pradesh,Etawah,Samajwadi Party
443,Uttar Pradesh,Faizabad,Samajwadi Party
444,Uttar Pradesh,Farrukhabad,Bharatiya Janata Party
445,Uttar Pradesh,Fatehpur,Samajwadi Party
446,Uttar Pradesh,Fatehpur Sikri,Bharatiya Janata Party
447,Uttar Pradesh,Firozabad,Samajwadi Party
448,Uttar Pradesh,Gautam Buddha Nagar,Bharatiya Janata Party
449,Uttar Pradesh,Ghaziabad,Bharatiya Janata Party
450,Uttar Pradesh,Ghazipur,Samajwadi Party
451,Uttar Pradesh,Ghosi,Samajwadi Party
452,Uttar Pradesh,Gonda,Bharatiya Janata Party
453,Uttar Pradesh,Gorakhpur,Bharatiya Janata Party
454,Uttar Pradesh,Hamirpur,Samajwadi Party
455,Uttar Pradesh,Hardoi,Bharatiya Janata Party
456,Uttar Pradesh,Hathras,Bharatiya Janata Party
457,Uttar Pradesh,Jalaun,Samajwadi Party
458,Uttar Pradesh,Jaunpur,Samajwadi Party
459,Uttar Pradesh,Jhansi,Bharatiya Janata Party
460,Uttar Pradesh,Kairana,Samajwadi Party
461,Uttar Pradesh,Kaiserganj,Bharatiya Janata Party
462,Uttar Pradesh,Kannauj,Samajwadi Party
463,Uttar Pradesh,Kanpur,Bharatiya Janata Party
464,Uttar Pradesh,Kaushambi,Samajwadi Party
465,Uttar Pradesh,Kheri,Samajwadi Party
466,Uttar Pradesh,Kushi Nagar,Bharatiya Janata Party
467,Uttar Pradesh,Lalganj,Samajwadi Party
468,Uttar Pradesh,Lucknow,Bharatiya Janata Party
469,Uttar Pradesh,Machhlishahr,Samajwadi Party
470,Uttar Pradesh,Maharajganj,Bharatiya Janata Party
471,Uttar Pradesh,Mainpuri,Samajwadi Party
472,Uttar Pradesh,Mathura,Bharatiya Janata Party
473,Uttar Pradesh,Meerut,Bharatiya Janata Party
474,Uttar Pradesh,Mirzapur,Apna Dal (Soneylal)
475,Uttar Pradesh,Misrikh,Bharatiya Janata Party
476,Uttar Pradesh,Mohanlalganj,Samajwadi Party
477,Uttar Pradesh,Moradabad,Samajwadi Party
478,Uttar Pradesh,Muzaffarnagar,Samajwadi Party
479,Uttar Pradesh,Nagina,Aazad Samaj Party (Kanshi Ram)
480,Uttar Pradesh,Phulpur,Bharatiya Janata Party
481,Uttar Pradesh,Pilibhit,Bharatiya Janata Party
482,Uttar Pradesh,Pratapgarh,Samajwadi Party
483,Uttar Pradesh,Rae Bareli,Indian National Congress
484,Uttar Pradesh,Rampur,Samajwadi Party
485,Uttar Pradesh,Robertsganj,Samajwadi Party
486,Uttar Pradesh,Saharanpur,Indian National Congress
487,Uttar Pradesh,Salempur,Samajwadi Party
488,Uttar Pradesh,Sambhal,Samajwadi Party
489,Uttar Pradesh,Sant Kabir Nagar,Samajwadi Party
490,Uttar Pradesh,Shahjahanpur,Bharatiya Janata Party
491,Uttar Pradesh,Shrawasti,Samajwadi Party
492,Uttar Pradesh,Sitapur,Indian National Congress
493,Uttar Pradesh,Sultanpur,Samajwadi Party
494,Uttar Pradesh,Unnao,Bharatiya Janata Party
495,Uttar Pradesh,Varanasi,Bharatiya Janata Party
496,Uttarakhand,Almora,Bharatiya Janata Party
497,Uttarakhand,Garhwal,Bharatiya Janata Party
498,Uttarakhand,Haridwar,Bharatiya Janata Party
499,Uttarakhand,Nainital-Udhamsingh Nagar,Bharatiya Janata Party
500,Uttarakhand,Tehri Garhwal,Bharatiya Janata Party
501,West Bengal,Alipurduars,Bharatiya Janata Party
502,West Bengal,Arambagh,All India Trinamool Congress
503,West Bengal,Asansol,All India Trinamool Congress
504,West Bengal,Baharampur,All India Trinamool Congress
505,West Bengal,Balurghat,Bharatiya Janata Party
506,West Bengal,Bangaon,Bharatiya Janata Party
507,West Bengal,Bankura,All India Trinamool Congress
508,West Bengal,Barasat,All India Trinamool Congress
509,West Bengal,Bardhaman Purba,All India Trinamool Congress
510,West Bengal,Bardhaman-Durgapur,All India Trinamool Congress
511,West Bengal,Barrackpur,All India Trinamool Congress
512,West Bengal,Basirhat,All India Trinamool Congress
513,West Bengal,Birbhum,All India Trinamool Congress
514,West Bengal,Bishnupur,Bharatiya Janata Party
515,West Bengal,Bolpur,All India Trinamool Congress
516,West Bengal,Coochbehar,All India Trinamool Congress
517,West Bengal,Darjeeling,Bharatiya Janata Party
518,West Bengal,Diamond harbour,All India Trinamool Congress
519,West Bengal,Dum dum,All India Trinamool Congress
520,West Bengal,Ghatal,All India Trinamool Congress
521,West Bengal,Hooghly,All India Trinamool Congress
522,West Bengal,Howrah,All India Trinamool Congress
523,West Bengal,Jadavpur,All India Trinamool Congress
524,West Bengal,Jalpaiguri,Bharatiya Janata Party
525,West Bengal,Jangipur,All India Trinamool Congress
526,West Bengal,Jhargram,All India Trinamool Congress
527,West Bengal,Joynagar,All India Trinamool Congress
528,West Bengal,Kanthi,Bharatiya Janata Party
529,West Bengal,Kolkata Dakshin,All India Trinamool Congress
530,West Bengal,Kolkata Uttar,All India Trinamool Congress
531,West Bengal,Krishnanagar,All India Trinamool Congress
532,West Bengal,Maldaha Dakshin,Indian National Congress
533,West Bengal,Maldaha Uttar,Bharatiya Janata Party
534,West Bengal,Mathurapur,All India Trinamool Congress
535,West Bengal,Medinipur,All India Trinamool Congress
536,West Bengal,Murshidabad,All India Trinamool Congress
537,West Bengal,Purulia,Bharatiya Janata Party
538,West Bengal,Raiganj,Bharatiya Janata Party
539,West Bengal,Ranaghat,Bharatiya Janata Party
540,West Bengal,Srerampur,All India Trinamool Congress
541,West Bengal,Tamluk,Bharatiya Janata Party
542,West Bengal,Uluberia,All India Trinamool Congress
